player,season,usage_level,current_usage,predicted_archetype,actual_archetype,king_probability,is_king_predicted,is_king_actual,is_false_positive,is_false_negative,is_true_positive,is_true_negative
Ja Morant,2022-23,0.15,0.338,Victim (Fragile Role),Bulldozer (Fragile Star),0.004524436313658953,False,False,False,False,False,True
Ja Morant,2022-23,0.2,0.338,Victim (Fragile Role),Bulldozer (Fragile Star),0.008434428833425045,False,False,False,False,False,True
Ja Morant,2022-23,0.25,0.338,Victim (Fragile Role),Bulldozer (Fragile Star),0.028854716569185257,False,False,False,False,False,True
Ja Morant,2022-23,0.3,0.338,Victim (Fragile Role),Bulldozer (Fragile Star),0.07461797446012497,False,False,False,False,False,True
Ja Morant,2022-23,0.35,0.338,Bulldozer (Fragile Star),Bulldozer (Fragile Star),0.05838324874639511,False,False,False,False,False,True
Russell Westbrook,2022-23,0.15,0.266,Victim (Fragile Role),King (Resilient Star),0.0021874243393540382,False,True,False,True,False,False
Russell Westbrook,2022-23,0.2,0.266,Victim (Fragile Role),King (Resilient Star),0.004107497166842222,False,True,False,True,False,False
Russell Westbrook,2022-23,0.25,0.266,Victim (Fragile Role),King (Resilient Star),0.014729209244251251,False,True,False,True,False,False
Russell Westbrook,2022-23,0.3,0.266,Victim (Fragile Role),King (Resilient Star),0.025987159460783005,False,True,False,True,False,False
Russell Westbrook,2022-23,0.35,0.266,Victim (Fragile Role),King (Resilient Star),0.035927921533584595,False,True,False,True,False,False
Pat Connaughton,2020-21,0.15,0.113,Victim (Fragile Role),Sniper (Resilient Role),0.001388446195051074,False,False,False,False,False,True
Pat Connaughton,2020-21,0.2,0.113,Victim (Fragile Role),Sniper (Resilient Role),0.0036939375568181276,False,False,False,False,False,True
Pat Connaughton,2020-21,0.25,0.113,Victim (Fragile Role),Sniper (Resilient Role),0.007211572490632534,False,False,False,False,False,True
Pat Connaughton,2020-21,0.3,0.113,Victim (Fragile Role),Sniper (Resilient Role),0.03328309953212738,False,False,False,False,False,True
Pat Connaughton,2020-21,0.35,0.113,Bulldozer (Fragile Star),Sniper (Resilient Role),0.04339780658483505,False,False,False,False,False,True
Draymond Green,2016-17,0.15,0.159,Sniper (Resilient Role),Sniper (Resilient Role),0.0019340133294463158,False,False,False,False,False,True
Draymond Green,2016-17,0.2,0.159,Victim (Fragile Role),Sniper (Resilient Role),0.005327541381120682,False,False,False,False,False,True
Draymond Green,2016-17,0.25,0.159,Victim (Fragile Role),Sniper (Resilient Role),0.013856920413672924,False,False,False,False,False,True
Draymond Green,2016-17,0.3,0.159,Victim (Fragile Role),Sniper (Resilient Role),0.026975395157933235,False,False,False,False,False,True
Draymond Green,2016-17,0.35,0.159,Victim (Fragile Role),Sniper (Resilient Role),0.03343651816248894,False,False,False,False,False,True
Anthony Davis,2017-18,0.15,0.291,Victim (Fragile Role),King (Resilient Star),0.0014776474563404918,False,True,False,True,False,False
Anthony Davis,2017-18,0.2,0.291,Victim (Fragile Role),King (Resilient Star),0.003759108716621995,False,True,False,True,False,False
Anthony Davis,2017-18,0.25,0.291,Victim (Fragile Role),King (Resilient Star),0.020355088636279106,False,True,False,True,False,False
Anthony Davis,2017-18,0.3,0.291,Victim (Fragile Role),King (Resilient Star),0.06711684167385101,False,True,False,True,False,False
Anthony Davis,2017-18,0.35,0.291,Victim (Fragile Role),King (Resilient Star),0.0985107496380806,False,True,False,True,False,False
Jeff Teague,2015-16,0.15,0.259,Victim (Fragile Role),King (Resilient Star),0.007273264694958925,False,True,False,True,False,False
Jeff Teague,2015-16,0.2,0.259,Victim (Fragile Role),King (Resilient Star),0.01183283794671297,False,True,False,True,False,False
Jeff Teague,2015-16,0.25,0.259,Victim (Fragile Role),King (Resilient Star),0.07067424803972244,False,True,False,True,False,False
Jeff Teague,2015-16,0.3,0.259,Victim (Fragile Role),King (Resilient Star),0.16783563792705536,False,True,False,True,False,False
Jeff Teague,2015-16,0.35,0.259,Victim (Fragile Role),King (Resilient Star),0.21179530024528503,False,True,False,True,False,False
Goran Dragic,2015-16,0.15,0.211,Victim (Fragile Role),Sniper (Resilient Role),0.0011139087146148086,False,False,False,False,False,True
Goran Dragic,2015-16,0.2,0.211,Sniper (Resilient Role),Sniper (Resilient Role),0.0029992207419127226,False,False,False,False,False,True
Goran Dragic,2015-16,0.25,0.211,Victim (Fragile Role),Sniper (Resilient Role),0.01960844174027443,False,False,False,False,False,True
Goran Dragic,2015-16,0.3,0.211,Victim (Fragile Role),Sniper (Resilient Role),0.034208886325359344,False,False,False,False,False,True
Goran Dragic,2015-16,0.35,0.211,Victim (Fragile Role),Sniper (Resilient Role),0.036312203854322433,False,False,False,False,False,True
Kyrie Irving,2023-24,0.15,0.274,Victim (Fragile Role),Victim (Fragile Role),0.002751404419541359,False,False,False,False,False,True
Kyrie Irving,2023-24,0.2,0.274,Victim (Fragile Role),Victim (Fragile Role),0.009809605777263641,False,False,False,False,False,True
Kyrie Irving,2023-24,0.25,0.274,Victim (Fragile Role),Victim (Fragile Role),0.0398266576230526,False,False,False,False,False,True
Kyrie Irving,2023-24,0.3,0.274,Victim (Fragile Role),Victim (Fragile Role),0.09102827310562134,False,False,False,False,False,True
Kyrie Irving,2023-24,0.35,0.274,Victim (Fragile Role),Victim (Fragile Role),0.08894886076450348,False,False,False,False,False,True
Desmond Bane,2021-22,0.15,0.226,Victim (Fragile Role),Victim (Fragile Role),0.0010495478054508567,False,False,False,False,False,True
Desmond Bane,2021-22,0.2,0.226,Victim (Fragile Role),Victim (Fragile Role),0.0030204742215573788,False,False,False,False,False,True
Desmond Bane,2021-22,0.25,0.226,Victim (Fragile Role),Victim (Fragile Role),0.013092820532619953,False,False,False,False,False,True
Desmond Bane,2021-22,0.3,0.226,Victim (Fragile Role),Victim (Fragile Role),0.02677813544869423,False,False,False,False,False,True
Desmond Bane,2021-22,0.35,0.226,Victim (Fragile Role),Victim (Fragile Role),0.03358444944024086,False,False,False,False,False,True
Clint Capela,2020-21,0.15,0.193,Victim (Fragile Role),Victim (Fragile Role),0.0011771026765927672,False,False,False,False,False,True
Clint Capela,2020-21,0.2,0.193,Victim (Fragile Role),Victim (Fragile Role),0.002611227799206972,False,False,False,False,False,True
Clint Capela,2020-21,0.25,0.193,Victim (Fragile Role),Victim (Fragile Role),0.003829061286523938,False,False,False,False,False,True
Clint Capela,2020-21,0.3,0.193,Victim (Fragile Role),Victim (Fragile Role),0.008773437701165676,False,False,False,False,False,True
Clint Capela,2020-21,0.35,0.193,Victim (Fragile Role),Victim (Fragile Role),0.020747246220707893,False,False,False,False,False,True
Clint Capela,2020-21,0.15,0.193,Victim (Fragile Role),Victim (Fragile Role),0.0011771026765927672,False,False,False,False,False,True
Clint Capela,2020-21,0.2,0.193,Victim (Fragile Role),Victim (Fragile Role),0.002611227799206972,False,False,False,False,False,True
Clint Capela,2020-21,0.25,0.193,Victim (Fragile Role),Victim (Fragile Role),0.003829061286523938,False,False,False,False,False,True
Clint Capela,2020-21,0.3,0.193,Victim (Fragile Role),Victim (Fragile Role),0.008773437701165676,False,False,False,False,False,True
Clint Capela,2020-21,0.35,0.193,Victim (Fragile Role),Victim (Fragile Role),0.020747246220707893,False,False,False,False,False,True
Eric Bledsoe,2017-18,0.15,0.254,Victim (Fragile Role),Victim (Fragile Role),0.0028741001151502132,False,False,False,False,False,True
Eric Bledsoe,2017-18,0.2,0.254,Victim (Fragile Role),Victim (Fragile Role),0.008084889501333237,False,False,False,False,False,True
Eric Bledsoe,2017-18,0.25,0.254,Victim (Fragile Role),Victim (Fragile Role),0.04557854309678078,False,False,False,False,False,True
Eric Bledsoe,2017-18,0.3,0.254,Victim (Fragile Role),Victim (Fragile Role),0.10707525163888931,False,False,False,False,False,True
Eric Bledsoe,2017-18,0.35,0.254,Victim (Fragile Role),Victim (Fragile Role),0.1494186520576477,False,False,False,False,False,True
Jalen Brunson,2022-23,0.15,0.266,Victim (Fragile Role),King (Resilient Star),0.0059210811741650105,False,True,False,True,False,False
Jalen Brunson,2022-23,0.2,0.266,Victim (Fragile Role),King (Resilient Star),0.010847538709640503,False,True,False,True,False,False
Jalen Brunson,2022-23,0.25,0.266,Victim (Fragile Role),King (Resilient Star),0.06551355123519897,False,True,False,True,False,False
Jalen Brunson,2022-23,0.3,0.266,Victim (Fragile Role),King (Resilient Star),0.11659381538629532,False,True,False,True,False,False
Jalen Brunson,2022-23,0.35,0.266,Victim (Fragile Role),King (Resilient Star),0.11902491748332977,False,True,False,True,False,False
Jamal Murray,2018-19,0.15,0.241,Victim (Fragile Role),King (Resilient Star),0.003272558096796274,False,True,False,True,False,False
Jamal Murray,2018-19,0.2,0.241,Victim (Fragile Role),King (Resilient Star),0.0097011374309659,False,True,False,True,False,False
Jamal Murray,2018-19,0.25,0.241,Victim (Fragile Role),King (Resilient Star),0.02265573851764202,False,True,False,True,False,False
Jamal Murray,2018-19,0.3,0.241,Victim (Fragile Role),King (Resilient Star),0.08075127005577087,False,True,False,True,False,False
Jamal Murray,2018-19,0.35,0.241,Victim (Fragile Role),King (Resilient Star),0.10273813456296921,False,True,False,True,False,False
Jae Crowder,2020-21,0.15,0.152,Victim (Fragile Role),Victim (Fragile Role),0.0009546036017127335,False,False,False,False,False,True
Jae Crowder,2020-21,0.2,0.152,Victim (Fragile Role),Victim (Fragile Role),0.0018332324689254165,False,False,False,False,False,True
Jae Crowder,2020-21,0.25,0.152,Victim (Fragile Role),Victim (Fragile Role),0.003638621885329485,False,False,False,False,False,True
Jae Crowder,2020-21,0.3,0.152,Victim (Fragile Role),Victim (Fragile Role),0.00810481607913971,False,False,False,False,False,True
Jae Crowder,2020-21,0.35,0.152,Victim (Fragile Role),Victim (Fragile Role),0.011902285739779472,False,False,False,False,False,True
Josh Hart,2023-24,0.15,0.133,Victim (Fragile Role),Sniper (Resilient Role),0.0013016298180446029,False,False,False,False,False,True
Josh Hart,2023-24,0.2,0.133,Victim (Fragile Role),Sniper (Resilient Role),0.0023078112863004208,False,False,False,False,False,True
Josh Hart,2023-24,0.25,0.133,Victim (Fragile Role),Sniper (Resilient Role),0.005237517412751913,False,False,False,False,False,True
Josh Hart,2023-24,0.3,0.133,Victim (Fragile Role),Sniper (Resilient Role),0.03530329838395119,False,False,False,False,False,True
Josh Hart,2023-24,0.35,0.133,Victim (Fragile Role),Sniper (Resilient Role),0.04056722670793533,False,False,False,False,False,True
Goran Dragic,2019-20,0.15,0.248,Victim (Fragile Role),King (Resilient Star),0.0015249238349497318,False,True,False,True,False,False
Goran Dragic,2019-20,0.2,0.248,Victim (Fragile Role),King (Resilient Star),0.004300492350012064,False,True,False,True,False,False
Goran Dragic,2019-20,0.25,0.248,Victim (Fragile Role),King (Resilient Star),0.03400865197181702,False,True,False,True,False,False
Goran Dragic,2019-20,0.3,0.248,Bulldozer (Fragile Star),King (Resilient Star),0.03898058459162712,False,True,False,True,False,False
Goran Dragic,2019-20,0.35,0.248,Bulldozer (Fragile Star),King (Resilient Star),0.05236009508371353,False,True,False,True,False,False
Marcus Smart,2021-22,0.15,0.179,Victim (Fragile Role),Sniper (Resilient Role),0.001299157040193677,False,False,False,False,False,True
Marcus Smart,2021-22,0.2,0.179,Victim (Fragile Role),Sniper (Resilient Role),0.0035397035535424948,False,False,False,False,False,True
Marcus Smart,2021-22,0.25,0.179,Victim (Fragile Role),Sniper (Resilient Role),0.00849853828549385,False,False,False,False,False,True
Marcus Smart,2021-22,0.3,0.179,Victim (Fragile Role),Sniper (Resilient Role),0.024719880893826485,False,False,False,False,False,True
Marcus Smart,2021-22,0.35,0.179,Victim (Fragile Role),Sniper (Resilient Role),0.0384238064289093,False,False,False,False,False,True
Wendell Carter Jr.,2023-24,0.15,0.172,Victim (Fragile Role),Victim (Fragile Role),0.0009509980445727706,False,False,False,False,False,True
Wendell Carter Jr.,2023-24,0.2,0.172,Victim (Fragile Role),Victim (Fragile Role),0.0018471752991899848,False,False,False,False,False,True
Wendell Carter Jr.,2023-24,0.25,0.172,Victim (Fragile Role),Victim (Fragile Role),0.00323014915920794,False,False,False,False,False,True
Wendell Carter Jr.,2023-24,0.3,0.172,Victim (Fragile Role),Victim (Fragile Role),0.00883534736931324,False,False,False,False,False,True
Wendell Carter Jr.,2023-24,0.35,0.172,Victim (Fragile Role),Victim (Fragile Role),0.012451749294996262,False,False,False,False,False,True
Caleb Martin,2023-24,0.15,0.168,Victim (Fragile Role),Sniper (Resilient Role),0.0009163216454908252,False,False,False,False,False,True
Caleb Martin,2023-24,0.2,0.168,Victim (Fragile Role),Sniper (Resilient Role),0.0017339412588626146,False,False,False,False,False,True
Caleb Martin,2023-24,0.25,0.168,Victim (Fragile Role),Sniper (Resilient Role),0.0035741233732551336,False,False,False,False,False,True
Caleb Martin,2023-24,0.3,0.168,Victim (Fragile Role),Sniper (Resilient Role),0.010779881849884987,False,False,False,False,False,True
Caleb Martin,2023-24,0.35,0.168,Victim (Fragile Role),Sniper (Resilient Role),0.01924888789653778,False,False,False,False,False,True
Giannis Antetokounmpo,2018-19,0.15,0.314,Victim (Fragile Role),Bulldozer (Fragile Star),0.0017728261882439256,False,False,False,False,False,True
Giannis Antetokounmpo,2018-19,0.2,0.314,Victim (Fragile Role),Bulldozer (Fragile Star),0.008958582766354084,False,False,False,False,False,True
Giannis Antetokounmpo,2018-19,0.25,0.314,Victim (Fragile Role),Bulldozer (Fragile Star),0.020512111485004425,False,False,False,False,False,True
Giannis Antetokounmpo,2018-19,0.3,0.314,Victim (Fragile Role),Bulldozer (Fragile Star),0.03726924955844879,False,False,False,False,False,True
Giannis Antetokounmpo,2018-19,0.35,0.314,Victim (Fragile Role),Bulldozer (Fragile Star),0.05149492248892784,False,False,False,False,False,True
Joe Ingles,2020-21,0.15,0.162,Victim (Fragile Role),Sniper (Resilient Role),0.0009073243127204478,False,False,False,False,False,True
Joe Ingles,2020-21,0.2,0.162,Victim (Fragile Role),Sniper (Resilient Role),0.003979673609137535,False,False,False,False,False,True
Joe Ingles,2020-21,0.25,0.162,Victim (Fragile Role),Sniper (Resilient Role),0.026858331635594368,False,False,False,False,False,True
Joe Ingles,2020-21,0.3,0.162,Bulldozer (Fragile Star),Sniper (Resilient Role),0.036519672721624374,False,False,False,False,False,True
Joe Ingles,2020-21,0.35,0.162,Bulldozer (Fragile Star),Sniper (Resilient Role),0.045254532247781754,False,False,False,False,False,True
Dennis Schröder,2022-23,0.15,0.183,Victim (Fragile Role),Victim (Fragile Role),0.0017525057774037123,False,False,False,False,False,True
Dennis Schröder,2022-23,0.2,0.183,Victim (Fragile Role),Victim (Fragile Role),0.003582205157727003,False,False,False,False,False,True
Dennis Schröder,2022-23,0.25,0.183,Victim (Fragile Role),Victim (Fragile Role),0.007570196874439716,False,False,False,False,False,True
Dennis Schröder,2022-23,0.3,0.183,Victim (Fragile Role),Victim (Fragile Role),0.02581547014415264,False,False,False,False,False,True
Dennis Schröder,2022-23,0.35,0.183,Victim (Fragile Role),Victim (Fragile Role),0.04138931632041931,False,False,False,False,False,True
Tobias Harris,2020-21,0.15,0.237,Victim (Fragile Role),Victim (Fragile Role),0.002602631924673915,False,False,False,False,False,True
Tobias Harris,2020-21,0.2,0.237,Victim (Fragile Role),Victim (Fragile Role),0.008313638158142567,False,False,False,False,False,True
Tobias Harris,2020-21,0.25,0.237,Victim (Fragile Role),Victim (Fragile Role),0.01911921799182892,False,False,False,False,False,True
Tobias Harris,2020-21,0.3,0.237,Victim (Fragile Role),Victim (Fragile Role),0.03989564999938011,False,False,False,False,False,True
Tobias Harris,2020-21,0.35,0.237,Victim (Fragile Role),Victim (Fragile Role),0.04071113467216492,False,False,False,False,False,True
Khris Middleton,2017-18,0.15,0.239,Victim (Fragile Role),King (Resilient Star),0.0012553477426990867,False,True,False,True,False,False
Khris Middleton,2017-18,0.2,0.239,Victim (Fragile Role),King (Resilient Star),0.004087480250746012,False,True,False,True,False,False
Khris Middleton,2017-18,0.25,0.239,Victim (Fragile Role),King (Resilient Star),0.029688609763979912,False,True,False,True,False,False
Khris Middleton,2017-18,0.3,0.239,Victim (Fragile Role),King (Resilient Star),0.060242801904678345,False,True,False,True,False,False
Khris Middleton,2017-18,0.35,0.239,Victim (Fragile Role),King (Resilient Star),0.07697870582342148,False,True,False,True,False,False
Terry Rozier,2017-18,0.15,0.199,Victim (Fragile Role),Sniper (Resilient Role),0.0011614571558311582,False,False,False,False,False,True
Terry Rozier,2017-18,0.2,0.199,Victim (Fragile Role),Sniper (Resilient Role),0.003065124386921525,False,False,False,False,False,True
Terry Rozier,2017-18,0.25,0.199,Victim (Fragile Role),Sniper (Resilient Role),0.019670097157359123,False,False,False,False,False,True
Terry Rozier,2017-18,0.3,0.199,Victim (Fragile Role),Sniper (Resilient Role),0.045143213123083115,False,False,False,False,False,True
Terry Rozier,2017-18,0.35,0.199,Victim (Fragile Role),Sniper (Resilient Role),0.0683041512966156,False,False,False,False,False,True
Andre Roberson,2015-16,0.15,0.092,Sniper (Resilient Role),Sniper (Resilient Role),0.0016086968826130033,False,False,False,False,False,True
Andre Roberson,2015-16,0.2,0.092,Victim (Fragile Role),Sniper (Resilient Role),0.004180419258773327,False,False,False,False,False,True
Andre Roberson,2015-16,0.25,0.092,Victim (Fragile Role),Sniper (Resilient Role),0.017105940729379654,False,False,False,False,False,True
Andre Roberson,2015-16,0.3,0.092,Victim (Fragile Role),Sniper (Resilient Role),0.051903001964092255,False,False,False,False,False,True
Andre Roberson,2015-16,0.35,0.092,Victim (Fragile Role),Sniper (Resilient Role),0.06670237332582474,False,False,False,False,False,True
Serge Ibaka,2017-18,0.15,0.189,Victim (Fragile Role),Victim (Fragile Role),0.0007406257791444659,False,False,False,False,False,True
Serge Ibaka,2017-18,0.2,0.189,Victim (Fragile Role),Victim (Fragile Role),0.002462171483784914,False,False,False,False,False,True
Serge Ibaka,2017-18,0.25,0.189,Victim (Fragile Role),Victim (Fragile Role),0.009226949885487556,False,False,False,False,False,True
Serge Ibaka,2017-18,0.3,0.189,Victim (Fragile Role),Victim (Fragile Role),0.017339762300252914,False,False,False,False,False,True
Serge Ibaka,2017-18,0.35,0.189,Victim (Fragile Role),Victim (Fragile Role),0.024248462170362473,False,False,False,False,False,True
Bam Adebayo,2021-22,0.15,0.248,Victim (Fragile Role),Victim (Fragile Role),0.0007744492613710463,False,False,False,False,False,True
Bam Adebayo,2021-22,0.2,0.248,Victim (Fragile Role),Victim (Fragile Role),0.002023129491135478,False,False,False,False,False,True
Bam Adebayo,2021-22,0.25,0.248,Victim (Fragile Role),Victim (Fragile Role),0.004672172944992781,False,False,False,False,False,True
Bam Adebayo,2021-22,0.3,0.248,Victim (Fragile Role),Victim (Fragile Role),0.015597923658788204,False,False,False,False,False,True
Bam Adebayo,2021-22,0.35,0.248,Victim (Fragile Role),Victim (Fragile Role),0.02129282057285309,False,False,False,False,False,True
Nikola Jokić,2022-23,0.15,0.263,Victim (Fragile Role),Bulldozer (Fragile Star),0.0048249103128910065,False,False,False,False,False,True
Nikola Jokić,2022-23,0.2,0.263,Victim (Fragile Role),Bulldozer (Fragile Star),0.02162945829331875,False,False,False,False,False,True
Nikola Jokić,2022-23,0.25,0.263,Victim (Fragile Role),Bulldozer (Fragile Star),0.08697482943534851,False,False,False,False,False,True
Nikola Jokić,2022-23,0.3,0.263,Bulldozer (Fragile Star),Bulldozer (Fragile Star),0.0843011811375618,False,False,False,False,False,True
Nikola Jokić,2022-23,0.35,0.263,Victim (Fragile Role),Bulldozer (Fragile Star),0.09397229552268982,False,False,False,False,False,True
Enes Freedom,2018-19,0.15,0.219,Victim (Fragile Role),Victim (Fragile Role),0.0006946022040210664,False,False,False,False,False,True
Enes Freedom,2018-19,0.2,0.219,Victim (Fragile Role),Victim (Fragile Role),0.0020167434122413397,False,False,False,False,False,True
Enes Freedom,2018-19,0.25,0.219,Victim (Fragile Role),Victim (Fragile Role),0.006375536322593689,False,False,False,False,False,True
Enes Freedom,2018-19,0.3,0.219,Victim (Fragile Role),Victim (Fragile Role),0.028223492205142975,False,False,False,False,False,True
Enes Freedom,2018-19,0.35,0.219,Victim (Fragile Role),Victim (Fragile Role),0.03374553099274635,False,False,False,False,False,True
Cory Joseph,2015-16,0.15,0.166,Victim (Fragile Role),Victim (Fragile Role),0.0024946341291069984,False,False,False,False,False,True
Cory Joseph,2015-16,0.2,0.166,Sniper (Resilient Role),Victim (Fragile Role),0.0021297719795256853,False,False,False,False,False,True
Cory Joseph,2015-16,0.25,0.166,Victim (Fragile Role),Victim (Fragile Role),0.02637690119445324,False,False,False,False,False,True
Cory Joseph,2015-16,0.3,0.166,Victim (Fragile Role),Victim (Fragile Role),0.05128408968448639,False,False,False,False,False,True
Cory Joseph,2015-16,0.35,0.166,Victim (Fragile Role),Victim (Fragile Role),0.07096482068300247,False,False,False,False,False,True
Malcolm Brogdon,2019-20,0.15,0.249,Victim (Fragile Role),Sniper (Resilient Role),0.003792007453739643,False,False,False,False,False,True
Malcolm Brogdon,2019-20,0.2,0.249,Victim (Fragile Role),Sniper (Resilient Role),0.00800209492444992,False,False,False,False,False,True
Malcolm Brogdon,2019-20,0.25,0.249,Victim (Fragile Role),Sniper (Resilient Role),0.030972057953476906,False,False,False,False,False,True
Malcolm Brogdon,2019-20,0.3,0.249,Victim (Fragile Role),Sniper (Resilient Role),0.05930062755942345,False,False,False,False,False,True
Malcolm Brogdon,2019-20,0.35,0.249,Victim (Fragile Role),Sniper (Resilient Role),0.0705040991306305,False,False,False,False,False,True
Jerami Grant,2019-20,0.15,0.177,Victim (Fragile Role),Victim (Fragile Role),0.000949556939303875,False,False,False,False,False,True
Jerami Grant,2019-20,0.2,0.177,Victim (Fragile Role),Victim (Fragile Role),0.0024670124985277653,False,False,False,False,False,True
Jerami Grant,2019-20,0.25,0.177,Victim (Fragile Role),Victim (Fragile Role),0.004765970632433891,False,False,False,False,False,True
Jerami Grant,2019-20,0.3,0.177,Victim (Fragile Role),Victim (Fragile Role),0.014857473783195019,False,False,False,False,False,True
Jerami Grant,2019-20,0.35,0.177,Victim (Fragile Role),Victim (Fragile Role),0.024280661717057228,False,False,False,False,False,True
JJ Redick,2018-19,0.15,0.209,Victim (Fragile Role),Victim (Fragile Role),0.0007753422250971198,False,False,False,False,False,True
JJ Redick,2018-19,0.2,0.209,Victim (Fragile Role),Victim (Fragile Role),0.0016778926365077496,False,False,False,False,False,True
JJ Redick,2018-19,0.25,0.209,Victim (Fragile Role),Victim (Fragile Role),0.005527119617909193,False,False,False,False,False,True
JJ Redick,2018-19,0.3,0.209,Victim (Fragile Role),Victim (Fragile Role),0.013848085887730122,False,False,False,False,False,True
JJ Redick,2018-19,0.35,0.209,Victim (Fragile Role),Victim (Fragile Role),0.02146718092262745,False,False,False,False,False,True
Luka Dončić,2023-24,0.15,0.355,Victim (Fragile Role),King (Resilient Star),0.0022002640180289745,False,True,False,True,False,False
Luka Dončić,2023-24,0.2,0.355,Victim (Fragile Role),King (Resilient Star),0.006420675665140152,False,True,False,True,False,False
Luka Dončić,2023-24,0.25,0.355,Victim (Fragile Role),King (Resilient Star),0.025960449129343033,False,True,False,True,False,False
Luka Dončić,2023-24,0.3,0.355,Victim (Fragile Role),King (Resilient Star),0.02835172414779663,False,True,False,True,False,False
Luka Dončić,2023-24,0.35,0.355,Victim (Fragile Role),King (Resilient Star),0.037083134055137634,False,True,False,True,False,False
Al-Farouq Aminu,2015-16,0.15,0.166,Victim (Fragile Role),Sniper (Resilient Role),0.0011006888234987855,False,False,False,False,False,True
Al-Farouq Aminu,2015-16,0.2,0.166,Victim (Fragile Role),Sniper (Resilient Role),0.003180217929184437,False,False,False,False,False,True
Al-Farouq Aminu,2015-16,0.25,0.166,Victim (Fragile Role),Sniper (Resilient Role),0.016164612025022507,False,False,False,False,False,True
Al-Farouq Aminu,2015-16,0.3,0.166,Victim (Fragile Role),Sniper (Resilient Role),0.027450937777757645,False,False,False,False,False,True
Al-Farouq Aminu,2015-16,0.35,0.166,Victim (Fragile Role),Sniper (Resilient Role),0.051195982843637466,False,False,False,False,False,True
Derrick White,2018-19,0.15,0.178,Victim (Fragile Role),King (Resilient Star),0.0038731934037059546,False,True,False,True,False,False
Derrick White,2018-19,0.2,0.178,Sniper (Resilient Role),King (Resilient Star),0.03325686603784561,False,True,False,True,False,False
Derrick White,2018-19,0.25,0.178,Victim (Fragile Role),King (Resilient Star),0.06653563678264618,False,True,False,True,False,False
Derrick White,2018-19,0.3,0.178,Victim (Fragile Role),King (Resilient Star),0.08996959775686264,False,True,False,True,False,False
Derrick White,2018-19,0.35,0.178,Bulldozer (Fragile Star),King (Resilient Star),0.0727134421467781,False,True,False,True,False,False
Tristan Thompson,2015-16,0.15,0.114,Victim (Fragile Role),Sniper (Resilient Role),0.0012830953346565366,False,False,False,False,False,True
Tristan Thompson,2015-16,0.2,0.114,Victim (Fragile Role),Sniper (Resilient Role),0.0031273027416318655,False,False,False,False,False,True
Tristan Thompson,2015-16,0.25,0.114,Victim (Fragile Role),Sniper (Resilient Role),0.00919819250702858,False,False,False,False,False,True
Tristan Thompson,2015-16,0.3,0.114,Victim (Fragile Role),Sniper (Resilient Role),0.02561534009873867,False,False,False,False,False,True
Tristan Thompson,2015-16,0.35,0.114,Victim (Fragile Role),Sniper (Resilient Role),0.0334937646985054,False,False,False,False,False,True
Tyrese Maxey,2023-24,0.15,0.273,Victim (Fragile Role),King (Resilient Star),0.006537370849400759,False,True,False,True,False,False
Tyrese Maxey,2023-24,0.2,0.273,Victim (Fragile Role),King (Resilient Star),0.03231558948755264,False,True,False,True,False,False
Tyrese Maxey,2023-24,0.25,0.273,Victim (Fragile Role),King (Resilient Star),0.03417513892054558,False,True,False,True,False,False
Tyrese Maxey,2023-24,0.3,0.273,Victim (Fragile Role),King (Resilient Star),0.09090415388345718,False,True,False,True,False,False
Tyrese Maxey,2023-24,0.35,0.273,Victim (Fragile Role),King (Resilient Star),0.08547188341617584,False,True,False,True,False,False
Chris Paul,2017-18,0.15,0.241,Sniper (Resilient Role),King (Resilient Star),0.01280638761818409,False,True,False,True,False,False
Chris Paul,2017-18,0.2,0.241,Victim (Fragile Role),King (Resilient Star),0.014947340823709965,False,True,False,True,False,False
Chris Paul,2017-18,0.25,0.241,Victim (Fragile Role),King (Resilient Star),0.12990300357341766,False,True,False,True,False,False
Chris Paul,2017-18,0.3,0.241,Victim (Fragile Role),King (Resilient Star),0.16722461581230164,False,True,False,True,False,False
Chris Paul,2017-18,0.35,0.241,Bulldozer (Fragile Star),King (Resilient Star),0.16625867784023285,False,True,False,True,False,False
Jae Crowder,2016-17,0.15,0.169,Victim (Fragile Role),Sniper (Resilient Role),0.0007121335947886109,False,False,False,False,False,True
Jae Crowder,2016-17,0.2,0.169,Victim (Fragile Role),Sniper (Resilient Role),0.00158253766130656,False,False,False,False,False,True
Jae Crowder,2016-17,0.25,0.169,Victim (Fragile Role),Sniper (Resilient Role),0.009120817296206951,False,False,False,False,False,True
Jae Crowder,2016-17,0.3,0.169,Victim (Fragile Role),Sniper (Resilient Role),0.02481815777719021,False,False,False,False,False,True
Jae Crowder,2016-17,0.35,0.169,Victim (Fragile Role),Sniper (Resilient Role),0.04132477566599846,False,False,False,False,False,True
Marcus Smart,2016-17,0.15,0.183,Victim (Fragile Role),Victim (Fragile Role),0.001073471736162901,False,False,False,False,False,True
Marcus Smart,2016-17,0.2,0.183,Victim (Fragile Role),Victim (Fragile Role),0.0023851878941059113,False,False,False,False,False,True
Marcus Smart,2016-17,0.25,0.183,Victim (Fragile Role),Victim (Fragile Role),0.009297486394643784,False,False,False,False,False,True
Marcus Smart,2016-17,0.3,0.183,Victim (Fragile Role),Victim (Fragile Role),0.02008284628391266,False,False,False,False,False,True
Marcus Smart,2016-17,0.35,0.183,Victim (Fragile Role),Victim (Fragile Role),0.03625604882836342,False,False,False,False,False,True
Pat Connaughton,2020-21,0.15,0.113,Victim (Fragile Role),Sniper (Resilient Role),0.001388446195051074,False,False,False,False,False,True
Pat Connaughton,2020-21,0.2,0.113,Victim (Fragile Role),Sniper (Resilient Role),0.0036939375568181276,False,False,False,False,False,True
Pat Connaughton,2020-21,0.25,0.113,Victim (Fragile Role),Sniper (Resilient Role),0.007211572490632534,False,False,False,False,False,True
Pat Connaughton,2020-21,0.3,0.113,Victim (Fragile Role),Sniper (Resilient Role),0.03328309953212738,False,False,False,False,False,True
Pat Connaughton,2020-21,0.35,0.113,Bulldozer (Fragile Star),Sniper (Resilient Role),0.04339780658483505,False,False,False,False,False,True
Jamal Murray,2022-23,0.15,0.256,Victim (Fragile Role),Victim (Fragile Role),0.0030621776822954416,False,False,False,False,False,True
Jamal Murray,2022-23,0.2,0.256,Victim (Fragile Role),Victim (Fragile Role),0.00814581848680973,False,False,False,False,False,True
Jamal Murray,2022-23,0.25,0.256,Victim (Fragile Role),Victim (Fragile Role),0.020152613520622253,False,False,False,False,False,True
Jamal Murray,2022-23,0.3,0.256,Victim (Fragile Role),Victim (Fragile Role),0.05519510433077812,False,False,False,False,False,True
Jamal Murray,2022-23,0.35,0.256,Victim (Fragile Role),Victim (Fragile Role),0.0634724348783493,False,False,False,False,False,True
Bradley Beal,2017-18,0.15,0.268,Victim (Fragile Role),King (Resilient Star),0.010206100530922413,False,True,False,True,False,False
Bradley Beal,2017-18,0.2,0.268,Victim (Fragile Role),King (Resilient Star),0.035630952566862106,False,True,False,True,False,False
Bradley Beal,2017-18,0.25,0.268,Victim (Fragile Role),King (Resilient Star),0.07243095338344574,False,True,False,True,False,False
Bradley Beal,2017-18,0.3,0.268,Victim (Fragile Role),King (Resilient Star),0.14151862263679504,False,True,False,True,False,False
Bradley Beal,2017-18,0.35,0.268,Victim (Fragile Role),King (Resilient Star),0.18720251321792603,False,True,False,True,False,False
Bam Adebayo,2022-23,0.15,0.251,Victim (Fragile Role),Victim (Fragile Role),0.000749608559999615,False,False,False,False,False,True
Bam Adebayo,2022-23,0.2,0.251,Victim (Fragile Role),Victim (Fragile Role),0.0019172665197402239,False,False,False,False,False,True
Bam Adebayo,2022-23,0.25,0.251,Victim (Fragile Role),Victim (Fragile Role),0.0058904713951051235,False,False,False,False,False,True
Bam Adebayo,2022-23,0.3,0.251,Victim (Fragile Role),Victim (Fragile Role),0.018061261624097824,False,False,False,False,False,True
Bam Adebayo,2022-23,0.35,0.251,Victim (Fragile Role),Victim (Fragile Role),0.022793924435973167,False,False,False,False,False,True
Jalen Brunson,2022-23,0.15,0.266,Victim (Fragile Role),King (Resilient Star),0.0059210811741650105,False,True,False,True,False,False
Jalen Brunson,2022-23,0.2,0.266,Victim (Fragile Role),King (Resilient Star),0.010847538709640503,False,True,False,True,False,False
Jalen Brunson,2022-23,0.25,0.266,Victim (Fragile Role),King (Resilient Star),0.06551355123519897,False,True,False,True,False,False
Jalen Brunson,2022-23,0.3,0.266,Victim (Fragile Role),King (Resilient Star),0.11659381538629532,False,True,False,True,False,False
Jalen Brunson,2022-23,0.35,0.266,Victim (Fragile Role),King (Resilient Star),0.11902491748332977,False,True,False,True,False,False
Desmond Bane,2022-23,0.15,0.252,Victim (Fragile Role),Bulldozer (Fragile Star),0.0034043341875076294,False,False,False,False,False,True
Desmond Bane,2022-23,0.2,0.252,Victim (Fragile Role),Bulldozer (Fragile Star),0.009326263330876827,False,False,False,False,False,True
Desmond Bane,2022-23,0.25,0.252,Victim (Fragile Role),Bulldozer (Fragile Star),0.03702119365334511,False,False,False,False,False,True
Desmond Bane,2022-23,0.3,0.252,Victim (Fragile Role),Bulldozer (Fragile Star),0.05838905647397041,False,False,False,False,False,True
Desmond Bane,2022-23,0.35,0.252,Bulldozer (Fragile Star),Bulldozer (Fragile Star),0.058409787714481354,False,False,False,False,False,True
Pascal Siakam,2021-22,0.15,0.257,Victim (Fragile Role),Bulldozer (Fragile Star),0.0010775317205116153,False,False,False,False,False,True
Pascal Siakam,2021-22,0.2,0.257,Victim (Fragile Role),Bulldozer (Fragile Star),0.0024584555067121983,False,False,False,False,False,True
Pascal Siakam,2021-22,0.25,0.257,Victim (Fragile Role),Bulldozer (Fragile Star),0.008135752752423286,False,False,False,False,False,True
Pascal Siakam,2021-22,0.3,0.257,Victim (Fragile Role),Bulldozer (Fragile Star),0.01770630106329918,False,False,False,False,False,True
Pascal Siakam,2021-22,0.35,0.257,Victim (Fragile Role),Bulldozer (Fragile Star),0.024046516045928,False,False,False,False,False,True
Kyle Lowry,2016-17,0.15,0.243,Victim (Fragile Role),Victim (Fragile Role),0.009798211976885796,False,False,False,False,False,True
Kyle Lowry,2016-17,0.2,0.243,Victim (Fragile Role),Victim (Fragile Role),0.016582230105996132,False,False,False,False,False,True
Kyle Lowry,2016-17,0.25,0.243,Victim (Fragile Role),Victim (Fragile Role),0.07751587778329849,False,False,False,False,False,True
Kyle Lowry,2016-17,0.3,0.243,Victim (Fragile Role),Victim (Fragile Role),0.0891200453042984,False,False,False,False,False,True
Kyle Lowry,2016-17,0.35,0.243,Bulldozer (Fragile Star),Victim (Fragile Role),0.0886022076010704,False,False,False,False,False,True
Jerami Grant,2019-20,0.15,0.177,Victim (Fragile Role),Sniper (Resilient Role),0.000949556939303875,False,False,False,False,False,True
Jerami Grant,2019-20,0.2,0.177,Victim (Fragile Role),Sniper (Resilient Role),0.0024670124985277653,False,False,False,False,False,True
Jerami Grant,2019-20,0.25,0.177,Victim (Fragile Role),Sniper (Resilient Role),0.004765970632433891,False,False,False,False,False,True
Jerami Grant,2019-20,0.3,0.177,Victim (Fragile Role),Sniper (Resilient Role),0.014857473783195019,False,False,False,False,False,True
Jerami Grant,2019-20,0.35,0.177,Victim (Fragile Role),Sniper (Resilient Role),0.024280661717057228,False,False,False,False,False,True
Jamal Murray,2019-20,0.15,0.248,Victim (Fragile Role),King (Resilient Star),0.003489664290100336,False,True,False,True,False,False
Jamal Murray,2019-20,0.2,0.248,Sniper (Resilient Role),King (Resilient Star),0.007856269367039204,False,True,False,True,False,False
Jamal Murray,2019-20,0.25,0.248,Victim (Fragile Role),King (Resilient Star),0.047862615436315536,False,True,False,True,False,False
Jamal Murray,2019-20,0.3,0.248,Victim (Fragile Role),King (Resilient Star),0.10070447623729706,False,True,False,True,False,False
Jamal Murray,2019-20,0.35,0.248,Victim (Fragile Role),King (Resilient Star),0.09014575183391571,False,True,False,True,False,False
Russell Westbrook,2018-19,0.15,0.301,Victim (Fragile Role),Bulldozer (Fragile Star),0.009473887272179127,False,False,False,False,False,True
Russell Westbrook,2018-19,0.2,0.301,Sniper (Resilient Role),Bulldozer (Fragile Star),0.00942552275955677,False,False,False,False,False,True
Russell Westbrook,2018-19,0.25,0.301,Victim (Fragile Role),Bulldozer (Fragile Star),0.04469110816717148,False,False,False,False,False,True
Russell Westbrook,2018-19,0.3,0.301,Victim (Fragile Role),Bulldozer (Fragile Star),0.09109444171190262,False,False,False,False,False,True
Russell Westbrook,2018-19,0.35,0.301,Victim (Fragile Role),Bulldozer (Fragile Star),0.11376414448022842,False,False,False,False,False,True
George Hill,2019-20,0.15,0.152,Victim (Fragile Role),Victim (Fragile Role),0.0011012135073542595,False,False,False,False,False,True
George Hill,2019-20,0.2,0.152,Victim (Fragile Role),Victim (Fragile Role),0.0051246765069663525,False,False,False,False,False,True
George Hill,2019-20,0.25,0.152,Victim (Fragile Role),Victim (Fragile Role),0.026213480159640312,False,False,False,False,False,True
George Hill,2019-20,0.3,0.152,Bulldozer (Fragile Star),Victim (Fragile Role),0.030014386400580406,False,False,False,False,False,True
George Hill,2019-20,0.35,0.152,Bulldozer (Fragile Star),Victim (Fragile Role),0.04229002818465233,False,False,False,False,False,True
Kyrie Irving,2023-24,0.15,0.274,Victim (Fragile Role),King (Resilient Star),0.002751404419541359,False,True,False,True,False,False
Kyrie Irving,2023-24,0.2,0.274,Victim (Fragile Role),King (Resilient Star),0.009809605777263641,False,True,False,True,False,False
Kyrie Irving,2023-24,0.25,0.274,Victim (Fragile Role),King (Resilient Star),0.0398266576230526,False,True,False,True,False,False
Kyrie Irving,2023-24,0.3,0.274,Victim (Fragile Role),King (Resilient Star),0.09102827310562134,False,True,False,True,False,False
Kyrie Irving,2023-24,0.35,0.274,Victim (Fragile Role),King (Resilient Star),0.08894886076450348,False,True,False,True,False,False
Ben Simmons,2017-18,0.15,0.219,Victim (Fragile Role),Victim (Fragile Role),0.0030821918044239283,False,False,False,False,False,True
Ben Simmons,2017-18,0.2,0.219,Victim (Fragile Role),Victim (Fragile Role),0.0036618798039853573,False,False,False,False,False,True
Ben Simmons,2017-18,0.25,0.219,Victim (Fragile Role),Victim (Fragile Role),0.024454427883028984,False,False,False,False,False,True
Ben Simmons,2017-18,0.3,0.219,Victim (Fragile Role),Victim (Fragile Role),0.060631442815065384,False,False,False,False,False,True
Ben Simmons,2017-18,0.35,0.219,Victim (Fragile Role),Victim (Fragile Role),0.06971877068281174,False,False,False,False,False,True
James Harden,2017-18,0.15,0.353,Sniper (Resilient Role),Bulldozer (Fragile Star),0.012221811339259148,False,False,False,False,False,True
James Harden,2017-18,0.2,0.353,Sniper (Resilient Role),Bulldozer (Fragile Star),0.013557503931224346,False,False,False,False,False,True
James Harden,2017-18,0.25,0.353,Victim (Fragile Role),Bulldozer (Fragile Star),0.1407218873500824,False,False,False,False,False,True
James Harden,2017-18,0.3,0.353,Bulldozer (Fragile Star),Bulldozer (Fragile Star),0.1332639753818512,False,False,False,False,False,True
James Harden,2017-18,0.35,0.353,Bulldozer (Fragile Star),Bulldozer (Fragile Star),0.1282782405614853,False,False,False,False,False,True
Draymond Green,2022-23,0.15,0.129,Victim (Fragile Role),Sniper (Resilient Role),0.0008878696244210005,False,False,False,False,False,True
Draymond Green,2022-23,0.2,0.129,Victim (Fragile Role),Sniper (Resilient Role),0.002265543444082141,False,False,False,False,False,True
Draymond Green,2022-23,0.25,0.129,Victim (Fragile Role),Sniper (Resilient Role),0.008745870552957058,False,False,False,False,False,True
Draymond Green,2022-23,0.3,0.129,Victim (Fragile Role),Sniper (Resilient Role),0.015251225791871548,False,False,False,False,False,True
Draymond Green,2022-23,0.35,0.129,Victim (Fragile Role),Sniper (Resilient Role),0.019707398489117622,False,False,False,False,False,True
Anthony Davis,2022-23,0.15,0.277,Victim (Fragile Role),Bulldozer (Fragile Star),0.0011713237036019564,False,False,False,False,False,True
Anthony Davis,2022-23,0.2,0.277,Victim (Fragile Role),Bulldozer (Fragile Star),0.0030715735629200935,False,False,False,False,False,True
Anthony Davis,2022-23,0.25,0.277,Victim (Fragile Role),Bulldozer (Fragile Star),0.006155113223940134,False,False,False,False,False,True
Anthony Davis,2022-23,0.3,0.277,Victim (Fragile Role),Bulldozer (Fragile Star),0.01857917010784149,False,False,False,False,False,True
Anthony Davis,2022-23,0.35,0.277,Victim (Fragile Role),Bulldozer (Fragile Star),0.022587036713957787,False,False,False,False,False,True
Jayson Tatum,2019-20,0.15,0.28,Sniper (Resilient Role),Bulldozer (Fragile Star),0.0015246962429955602,False,False,False,False,False,True
Jayson Tatum,2019-20,0.2,0.28,Sniper (Resilient Role),Bulldozer (Fragile Star),0.004520523827522993,False,False,False,False,False,True
Jayson Tatum,2019-20,0.25,0.28,Victim (Fragile Role),Bulldozer (Fragile Star),0.0214008130133152,False,False,False,False,False,True
Jayson Tatum,2019-20,0.3,0.28,Victim (Fragile Role),Bulldozer (Fragile Star),0.03339526057243347,False,False,False,False,False,True
Jayson Tatum,2019-20,0.35,0.28,Victim (Fragile Role),Bulldozer (Fragile Star),0.038712501525878906,False,False,False,False,False,True
Luka Dončić,2021-22,0.15,0.368,Sniper (Resilient Role),King (Resilient Star),0.0021490908693522215,False,True,False,True,False,False
Luka Dončić,2021-22,0.2,0.368,Sniper (Resilient Role),King (Resilient Star),0.005056069232523441,False,True,False,True,False,False
Luka Dončić,2021-22,0.25,0.368,Victim (Fragile Role),King (Resilient Star),0.03803284838795662,False,True,False,True,False,False
Luka Dončić,2021-22,0.3,0.368,Victim (Fragile Role),King (Resilient Star),0.04845486581325531,False,True,False,True,False,False
Luka Dončić,2021-22,0.35,0.368,Victim (Fragile Role),King (Resilient Star),0.05717959254980087,False,True,False,True,False,False
Dorian Finney-Smith,2021-22,0.15,0.138,Victim (Fragile Role),Victim (Fragile Role),0.0011245075147598982,False,False,False,False,False,True
Dorian Finney-Smith,2021-22,0.2,0.138,Victim (Fragile Role),Victim (Fragile Role),0.0026676540728658438,False,False,False,False,False,True
Dorian Finney-Smith,2021-22,0.25,0.138,Victim (Fragile Role),Victim (Fragile Role),0.004494910594075918,False,False,False,False,False,True
Dorian Finney-Smith,2021-22,0.3,0.138,Victim (Fragile Role),Victim (Fragile Role),0.011186212301254272,False,False,False,False,False,True
Dorian Finney-Smith,2021-22,0.35,0.138,Victim (Fragile Role),Victim (Fragile Role),0.023877747356891632,False,False,False,False,False,True
De'Aaron Fox,2022-23,0.15,0.288,Victim (Fragile Role),Bulldozer (Fragile Star),0.01607401669025421,False,False,False,False,False,True
De'Aaron Fox,2022-23,0.2,0.288,Victim (Fragile Role),Bulldozer (Fragile Star),0.016839371994137764,False,False,False,False,False,True
De'Aaron Fox,2022-23,0.25,0.288,Victim (Fragile Role),Bulldozer (Fragile Star),0.047133058309555054,False,False,False,False,False,True
De'Aaron Fox,2022-23,0.3,0.288,Victim (Fragile Role),Bulldozer (Fragile Star),0.058324750512838364,False,False,False,False,False,True
De'Aaron Fox,2022-23,0.35,0.288,Victim (Fragile Role),Bulldozer (Fragile Star),0.06985529512166977,False,False,False,False,False,True
Derrick Jones Jr.,2023-24,0.15,0.146,Victim (Fragile Role),Sniper (Resilient Role),0.001030312734656036,False,False,False,False,False,True
Derrick Jones Jr.,2023-24,0.2,0.146,Victim (Fragile Role),Sniper (Resilient Role),0.006086403504014015,False,False,False,False,False,True
Derrick Jones Jr.,2023-24,0.25,0.146,Victim (Fragile Role),Sniper (Resilient Role),0.03485162928700447,False,False,False,False,False,True
Derrick Jones Jr.,2023-24,0.3,0.146,Bulldozer (Fragile Star),Sniper (Resilient Role),0.038642872124910355,False,False,False,False,False,True
Derrick Jones Jr.,2023-24,0.35,0.146,Bulldozer (Fragile Star),Sniper (Resilient Role),0.0559227354824543,False,False,False,False,False,True
Reggie Jackson,2020-21,0.15,0.195,Victim (Fragile Role),Sniper (Resilient Role),0.001910436898469925,False,False,False,False,False,True
Reggie Jackson,2020-21,0.2,0.195,Victim (Fragile Role),Sniper (Resilient Role),0.0062661548145115376,False,False,False,False,False,True
Reggie Jackson,2020-21,0.25,0.195,Victim (Fragile Role),Sniper (Resilient Role),0.013617673888802528,False,False,False,False,False,True
Reggie Jackson,2020-21,0.3,0.195,Victim (Fragile Role),Sniper (Resilient Role),0.049594346433877945,False,False,False,False,False,True
Reggie Jackson,2020-21,0.35,0.195,Victim (Fragile Role),Sniper (Resilient Role),0.07300316542387009,False,False,False,False,False,True
Ben Simmons,2018-19,0.15,0.215,Victim (Fragile Role),Sniper (Resilient Role),0.0013248712057247758,False,False,False,False,False,True
Ben Simmons,2018-19,0.2,0.215,Victim (Fragile Role),Sniper (Resilient Role),0.005033039953559637,False,False,False,False,False,True
Ben Simmons,2018-19,0.25,0.215,Victim (Fragile Role),Sniper (Resilient Role),0.0266535896807909,False,False,False,False,False,True
Ben Simmons,2018-19,0.3,0.215,Victim (Fragile Role),Sniper (Resilient Role),0.048722341656684875,False,False,False,False,False,True
Ben Simmons,2018-19,0.35,0.215,Victim (Fragile Role),Sniper (Resilient Role),0.05566832795739174,False,False,False,False,False,True
Donovan Mitchell,2018-19,0.15,0.309,Victim (Fragile Role),Bulldozer (Fragile Star),0.021967602893710136,False,False,False,False,False,True
Donovan Mitchell,2018-19,0.2,0.309,Victim (Fragile Role),Bulldozer (Fragile Star),0.03423101454973221,False,False,False,False,False,True
Donovan Mitchell,2018-19,0.25,0.309,Victim (Fragile Role),Bulldozer (Fragile Star),0.04543980583548546,False,False,False,False,False,True
Donovan Mitchell,2018-19,0.3,0.309,Victim (Fragile Role),Bulldozer (Fragile Star),0.0980471670627594,False,False,False,False,False,True
Donovan Mitchell,2018-19,0.35,0.309,Victim (Fragile Role),Bulldozer (Fragile Star),0.10502056777477264,False,False,False,False,False,True
Kevin Love,2015-16,0.15,0.233,Victim (Fragile Role),Victim (Fragile Role),0.0006303181871771812,False,False,False,False,False,True
Kevin Love,2015-16,0.2,0.233,Victim (Fragile Role),Victim (Fragile Role),0.0017515028594061732,False,False,False,False,False,True
Kevin Love,2015-16,0.25,0.233,Victim (Fragile Role),Victim (Fragile Role),0.015735717490315437,False,False,False,False,False,True
Kevin Love,2015-16,0.3,0.233,Victim (Fragile Role),Victim (Fragile Role),0.0261650700122118,False,False,False,False,False,True
Kevin Love,2015-16,0.35,0.233,Victim (Fragile Role),Victim (Fragile Role),0.04282720386981964,False,False,False,False,False,True
Kyrie Irving,2015-16,0.15,0.285,Sniper (Resilient Role),King (Resilient Star),0.007266935892403126,False,True,False,True,False,False
Kyrie Irving,2015-16,0.2,0.285,Sniper (Resilient Role),King (Resilient Star),0.007730979006737471,False,True,False,True,False,False
Kyrie Irving,2015-16,0.25,0.285,Victim (Fragile Role),King (Resilient Star),0.11833552271127701,False,True,False,True,False,False
Kyrie Irving,2015-16,0.3,0.285,Victim (Fragile Role),King (Resilient Star),0.21807847917079926,False,True,False,True,False,False
Kyrie Irving,2015-16,0.35,0.285,Victim (Fragile Role),King (Resilient Star),0.19626843929290771,False,True,False,True,False,False
Harrison Barnes,2022-23,0.15,0.168,Victim (Fragile Role),Victim (Fragile Role),0.0009473573882132769,False,False,False,False,False,True
Harrison Barnes,2022-23,0.2,0.168,Victim (Fragile Role),Victim (Fragile Role),0.0020015020854771137,False,False,False,False,False,True
Harrison Barnes,2022-23,0.25,0.168,Victim (Fragile Role),Victim (Fragile Role),0.0069621894508600235,False,False,False,False,False,True
Harrison Barnes,2022-23,0.3,0.168,Victim (Fragile Role),Victim (Fragile Role),0.018794715404510498,False,False,False,False,False,True
Harrison Barnes,2022-23,0.35,0.168,Victim (Fragile Role),Victim (Fragile Role),0.032196059823036194,False,False,False,False,False,True
Royce O'Neale,2020-21,0.15,0.095,Victim (Fragile Role),Sniper (Resilient Role),0.00102895381860435,False,False,False,False,False,True
Royce O'Neale,2020-21,0.2,0.095,Victim (Fragile Role),Sniper (Resilient Role),0.002562650479376316,False,False,False,False,False,True
Royce O'Neale,2020-21,0.25,0.095,Victim (Fragile Role),Sniper (Resilient Role),0.006251699756830931,False,False,False,False,False,True
Royce O'Neale,2020-21,0.3,0.095,Victim (Fragile Role),Sniper (Resilient Role),0.021104279905557632,False,False,False,False,False,True
Royce O'Neale,2020-21,0.35,0.095,Victim (Fragile Role),Sniper (Resilient Role),0.026367511600255966,False,False,False,False,False,True
Jimmy Butler III,2019-20,0.15,0.246,Victim (Fragile Role),King (Resilient Star),0.016748305410146713,False,True,False,True,False,False
Jimmy Butler III,2019-20,0.2,0.246,Victim (Fragile Role),King (Resilient Star),0.0431685708463192,False,True,False,True,False,False
Jimmy Butler III,2019-20,0.25,0.246,Victim (Fragile Role),King (Resilient Star),0.043585605919361115,False,True,False,True,False,False
Jimmy Butler III,2019-20,0.3,0.246,Victim (Fragile Role),King (Resilient Star),0.074831023812294,False,True,False,True,False,False
Jimmy Butler III,2019-20,0.35,0.246,Victim (Fragile Role),King (Resilient Star),0.08755308389663696,False,True,False,True,False,False
Stephen Curry,2022-23,0.15,0.297,Victim (Fragile Role),Bulldozer (Fragile Star),0.016265997663140297,False,False,False,False,False,True
Stephen Curry,2022-23,0.2,0.297,Victim (Fragile Role),Bulldozer (Fragile Star),0.019014490768313408,False,False,False,False,False,True
Stephen Curry,2022-23,0.25,0.297,Victim (Fragile Role),Bulldozer (Fragile Star),0.055436160415410995,False,False,False,False,False,True
Stephen Curry,2022-23,0.3,0.297,Bulldozer (Fragile Star),Bulldozer (Fragile Star),0.050066616386175156,False,False,False,False,False,True
Stephen Curry,2022-23,0.35,0.297,Bulldozer (Fragile Star),Bulldozer (Fragile Star),0.06664656102657318,False,False,False,False,False,True
Facundo Campazzo,2020-21,0.15,0.128,Victim (Fragile Role),Sniper (Resilient Role),0.0012458700221031904,False,False,False,False,False,True
Facundo Campazzo,2020-21,0.2,0.128,Victim (Fragile Role),Sniper (Resilient Role),0.003947108052670956,False,False,False,False,False,True
Facundo Campazzo,2020-21,0.25,0.128,Victim (Fragile Role),Sniper (Resilient Role),0.009769409894943237,False,False,False,False,False,True
Facundo Campazzo,2020-21,0.3,0.128,Victim (Fragile Role),Sniper (Resilient Role),0.0331258550286293,False,False,False,False,False,True
Facundo Campazzo,2020-21,0.35,0.128,Bulldozer (Fragile Star),Sniper (Resilient Role),0.047767043113708496,False,False,False,False,False,True
Kyrie Irving,2023-24,0.15,0.274,Victim (Fragile Role),King (Resilient Star),0.002751404419541359,False,True,False,True,False,False
Kyrie Irving,2023-24,0.2,0.274,Victim (Fragile Role),King (Resilient Star),0.009809605777263641,False,True,False,True,False,False
Kyrie Irving,2023-24,0.25,0.274,Victim (Fragile Role),King (Resilient Star),0.0398266576230526,False,True,False,True,False,False
Kyrie Irving,2023-24,0.3,0.274,Victim (Fragile Role),King (Resilient Star),0.09102827310562134,False,True,False,True,False,False
Kyrie Irving,2023-24,0.35,0.274,Victim (Fragile Role),King (Resilient Star),0.08894886076450348,False,True,False,True,False,False
Khris Middleton,2019-20,0.15,0.26,Victim (Fragile Role),King (Resilient Star),0.0062277368269860744,False,True,False,True,False,False
Khris Middleton,2019-20,0.2,0.26,Victim (Fragile Role),King (Resilient Star),0.05720428004860878,False,True,False,True,False,False
Khris Middleton,2019-20,0.25,0.26,Victim (Fragile Role),King (Resilient Star),0.11372793465852737,False,True,False,True,False,False
Khris Middleton,2019-20,0.3,0.26,Bulldozer (Fragile Star),King (Resilient Star),0.11267352104187012,False,True,False,True,False,False
Khris Middleton,2019-20,0.35,0.26,Bulldozer (Fragile Star),King (Resilient Star),0.10508491843938828,False,True,False,True,False,False
Khris Middleton,2018-19,0.15,0.246,Victim (Fragile Role),Victim (Fragile Role),0.001463135122321546,False,False,False,False,False,True
Khris Middleton,2018-19,0.2,0.246,Victim (Fragile Role),Victim (Fragile Role),0.0043969303369522095,False,False,False,False,False,True
Khris Middleton,2018-19,0.25,0.246,Victim (Fragile Role),Victim (Fragile Role),0.010110145434737206,False,False,False,False,False,True
Khris Middleton,2018-19,0.3,0.246,Victim (Fragile Role),Victim (Fragile Role),0.021862899884581566,False,False,False,False,False,True
Khris Middleton,2018-19,0.35,0.246,Victim (Fragile Role),Victim (Fragile Role),0.02781270630657673,False,False,False,False,False,True
Jae Crowder,2019-20,0.15,0.152,Sniper (Resilient Role),Sniper (Resilient Role),0.0012108456576243043,False,False,False,False,False,True
Jae Crowder,2019-20,0.2,0.152,Victim (Fragile Role),Sniper (Resilient Role),0.006969160865992308,False,False,False,False,False,True
Jae Crowder,2019-20,0.25,0.152,Victim (Fragile Role),Sniper (Resilient Role),0.019372783601284027,False,False,False,False,False,True
Jae Crowder,2019-20,0.3,0.152,Bulldozer (Fragile Star),Sniper (Resilient Role),0.019117139279842377,False,False,False,False,False,True
Jae Crowder,2019-20,0.35,0.152,Victim (Fragile Role),Sniper (Resilient Role),0.024309713393449783,False,False,False,False,False,True
Jaylen Brown,2023-24,0.15,0.283,Victim (Fragile Role),King (Resilient Star),0.0014615395339205861,False,True,False,True,False,False
Jaylen Brown,2023-24,0.2,0.283,Victim (Fragile Role),King (Resilient Star),0.0046914685517549515,False,True,False,True,False,False
Jaylen Brown,2023-24,0.25,0.283,Victim (Fragile Role),King (Resilient Star),0.02142563834786415,False,True,False,True,False,False
Jaylen Brown,2023-24,0.3,0.283,Victim (Fragile Role),King (Resilient Star),0.03720296919345856,False,True,False,True,False,False
Jaylen Brown,2023-24,0.35,0.283,Victim (Fragile Role),King (Resilient Star),0.04448843374848366,False,True,False,True,False,False
Jrue Holiday,2020-21,0.15,0.217,Victim (Fragile Role),Victim (Fragile Role),0.0035205280873924494,False,False,False,False,False,True
Jrue Holiday,2020-21,0.2,0.217,Victim (Fragile Role),Victim (Fragile Role),0.014684452675282955,False,False,False,False,False,True
Jrue Holiday,2020-21,0.25,0.217,Victim (Fragile Role),Victim (Fragile Role),0.08040669560432434,False,False,False,False,False,True
Jrue Holiday,2020-21,0.3,0.217,Bulldozer (Fragile Star),Victim (Fragile Role),0.08283542096614838,False,False,False,False,False,True
Jrue Holiday,2020-21,0.35,0.217,Victim (Fragile Role),Victim (Fragile Role),0.098978191614151,False,False,False,False,False,True
Bam Adebayo,2022-23,0.15,0.251,Victim (Fragile Role),Bulldozer (Fragile Star),0.000749608559999615,False,False,False,False,False,True
Bam Adebayo,2022-23,0.2,0.251,Victim (Fragile Role),Bulldozer (Fragile Star),0.0019172665197402239,False,False,False,False,False,True
Bam Adebayo,2022-23,0.25,0.251,Victim (Fragile Role),Bulldozer (Fragile Star),0.0058904713951051235,False,False,False,False,False,True
Bam Adebayo,2022-23,0.3,0.251,Victim (Fragile Role),Bulldozer (Fragile Star),0.018061261624097824,False,False,False,False,False,True
Bam Adebayo,2022-23,0.35,0.251,Victim (Fragile Role),Bulldozer (Fragile Star),0.022793924435973167,False,False,False,False,False,True
Isaiah Thomas,2016-17,0.15,0.332,Victim (Fragile Role),Bulldozer (Fragile Star),0.009573659859597683,False,False,False,False,False,True
Isaiah Thomas,2016-17,0.2,0.332,Victim (Fragile Role),Bulldozer (Fragile Star),0.012191546149551868,False,False,False,False,False,True
Isaiah Thomas,2016-17,0.25,0.332,Victim (Fragile Role),Bulldozer (Fragile Star),0.06133364886045456,False,False,False,False,False,True
Isaiah Thomas,2016-17,0.3,0.332,Victim (Fragile Role),Bulldozer (Fragile Star),0.09604512155056,False,False,False,False,False,True
Isaiah Thomas,2016-17,0.35,0.332,Victim (Fragile Role),Bulldozer (Fragile Star),0.10073307901620865,False,False,False,False,False,True
Kent Bazemore,2016-17,0.15,0.202,Victim (Fragile Role),Sniper (Resilient Role),0.0017221756279468536,False,False,False,False,False,True
Kent Bazemore,2016-17,0.2,0.202,Victim (Fragile Role),Sniper (Resilient Role),0.004458015318959951,False,False,False,False,False,True
Kent Bazemore,2016-17,0.25,0.202,Victim (Fragile Role),Sniper (Resilient Role),0.02182907797396183,False,False,False,False,False,True
Kent Bazemore,2016-17,0.3,0.202,Victim (Fragile Role),Sniper (Resilient Role),0.04647386819124222,False,False,False,False,False,True
Kent Bazemore,2016-17,0.35,0.202,Victim (Fragile Role),Sniper (Resilient Role),0.05435209348797798,False,False,False,False,False,True
DeMar DeRozan,2015-16,0.15,0.291,Victim (Fragile Role),Victim (Fragile Role),0.007124682888388634,False,False,False,False,False,True
DeMar DeRozan,2015-16,0.2,0.291,Sniper (Resilient Role),Victim (Fragile Role),0.0227454025298357,False,False,False,False,False,True
DeMar DeRozan,2015-16,0.25,0.291,Victim (Fragile Role),Victim (Fragile Role),0.11136677861213684,False,False,False,False,False,True
DeMar DeRozan,2015-16,0.3,0.291,Victim (Fragile Role),Victim (Fragile Role),0.1516898274421692,False,False,False,False,False,True
DeMar DeRozan,2015-16,0.35,0.291,Victim (Fragile Role),Victim (Fragile Role),0.19380630552768707,False,False,False,False,False,True
Karl-Anthony Towns,2023-24,0.15,0.268,Victim (Fragile Role),Bulldozer (Fragile Star),0.0028984136879444122,False,False,False,False,False,True
Karl-Anthony Towns,2023-24,0.2,0.268,Victim (Fragile Role),Bulldozer (Fragile Star),0.010007668286561966,False,False,False,False,False,True
Karl-Anthony Towns,2023-24,0.25,0.268,Victim (Fragile Role),Bulldozer (Fragile Star),0.0320819653570652,False,False,False,False,False,True
Karl-Anthony Towns,2023-24,0.3,0.268,Bulldozer (Fragile Star),Bulldozer (Fragile Star),0.027483226731419563,False,False,False,False,False,True
Karl-Anthony Towns,2023-24,0.35,0.268,Victim (Fragile Role),Bulldozer (Fragile Star),0.04062485694885254,False,False,False,False,False,True
James Harden,2019-20,0.15,0.356,Sniper (Resilient Role),Bulldozer (Fragile Star),0.0022701644338667393,False,False,False,False,False,True
James Harden,2019-20,0.2,0.356,Sniper (Resilient Role),Bulldozer (Fragile Star),0.007079745177179575,False,False,False,False,False,True
James Harden,2019-20,0.25,0.356,Victim (Fragile Role),Bulldozer (Fragile Star),0.05104205384850502,False,False,False,False,False,True
James Harden,2019-20,0.3,0.356,Victim (Fragile Role),Bulldozer (Fragile Star),0.06330530345439911,False,False,False,False,False,True
James Harden,2019-20,0.35,0.356,Victim (Fragile Role),Bulldozer (Fragile Star),0.07297573983669281,False,False,False,False,False,True
Maurice Harkless,2018-19,0.15,0.135,Sniper (Resilient Role),Sniper (Resilient Role),0.0011389019200578332,False,False,False,False,False,True
Maurice Harkless,2018-19,0.2,0.135,Victim (Fragile Role),Sniper (Resilient Role),0.004735738039016724,False,False,False,False,False,True
Maurice Harkless,2018-19,0.25,0.135,Victim (Fragile Role),Sniper (Resilient Role),0.029926598072052002,False,False,False,False,False,True
Maurice Harkless,2018-19,0.3,0.135,Bulldozer (Fragile Star),Sniper (Resilient Role),0.03484884276986122,False,False,False,False,False,True
Maurice Harkless,2018-19,0.35,0.135,Bulldozer (Fragile Star),Sniper (Resilient Role),0.04290041700005531,False,False,False,False,False,True
Jrue Holiday,2020-21,0.15,0.217,Victim (Fragile Role),King (Resilient Star),0.0035205280873924494,False,True,False,True,False,False
Jrue Holiday,2020-21,0.2,0.217,Victim (Fragile Role),King (Resilient Star),0.014684452675282955,False,True,False,True,False,False
Jrue Holiday,2020-21,0.25,0.217,Victim (Fragile Role),King (Resilient Star),0.08040669560432434,False,True,False,True,False,False
Jrue Holiday,2020-21,0.3,0.217,Bulldozer (Fragile Star),King (Resilient Star),0.08283542096614838,False,True,False,True,False,False
Jrue Holiday,2020-21,0.35,0.217,Victim (Fragile Role),King (Resilient Star),0.098978191614151,False,True,False,True,False,False
Giannis Antetokounmpo,2020-21,0.15,0.32,Victim (Fragile Role),King (Resilient Star),0.0011962191201746464,False,True,False,True,False,False
Giannis Antetokounmpo,2020-21,0.2,0.32,Victim (Fragile Role),King (Resilient Star),0.004495387896895409,False,True,False,True,False,False
Giannis Antetokounmpo,2020-21,0.25,0.32,Victim (Fragile Role),King (Resilient Star),0.027914851903915405,False,True,False,True,False,False
Giannis Antetokounmpo,2020-21,0.3,0.32,Bulldozer (Fragile Star),King (Resilient Star),0.04696138575673103,False,True,False,True,False,False
Giannis Antetokounmpo,2020-21,0.35,0.32,Victim (Fragile Role),King (Resilient Star),0.06016634777188301,False,True,False,True,False,False
Darius Garland,2023-24,0.15,0.249,Victim (Fragile Role),Victim (Fragile Role),0.005595446098595858,False,False,False,False,False,True
Darius Garland,2023-24,0.2,0.249,Victim (Fragile Role),Victim (Fragile Role),0.006196146830916405,False,False,False,False,False,True
Darius Garland,2023-24,0.25,0.249,Victim (Fragile Role),Victim (Fragile Role),0.016055956482887268,False,False,False,False,False,True
Darius Garland,2023-24,0.3,0.249,Victim (Fragile Role),Victim (Fragile Role),0.03154762089252472,False,False,False,False,False,True
Darius Garland,2023-24,0.35,0.249,Victim (Fragile Role),Victim (Fragile Role),0.030562030151486397,False,False,False,False,False,True
Jaylen Brown,2021-22,0.15,0.298,Victim (Fragile Role),Bulldozer (Fragile Star),0.0012745350832119584,False,False,False,False,False,True
Jaylen Brown,2021-22,0.2,0.298,Victim (Fragile Role),Bulldozer (Fragile Star),0.004510179162025452,False,False,False,False,False,True
Jaylen Brown,2021-22,0.25,0.298,Victim (Fragile Role),Bulldozer (Fragile Star),0.018264487385749817,False,False,False,False,False,True
Jaylen Brown,2021-22,0.3,0.298,Victim (Fragile Role),Bulldozer (Fragile Star),0.028646226972341537,False,False,False,False,False,True
Jaylen Brown,2021-22,0.35,0.298,Victim (Fragile Role),Bulldozer (Fragile Star),0.03622693568468094,False,False,False,False,False,True
LeBron James,2022-23,0.15,0.322,Victim (Fragile Role),Bulldozer (Fragile Star),0.002791890176013112,False,False,False,False,False,True
LeBron James,2022-23,0.2,0.322,Victim (Fragile Role),Bulldozer (Fragile Star),0.007675006985664368,False,False,False,False,False,True
LeBron James,2022-23,0.25,0.322,Victim (Fragile Role),Bulldozer (Fragile Star),0.03251079469919205,False,False,False,False,False,True
LeBron James,2022-23,0.3,0.322,Bulldozer (Fragile Star),Bulldozer (Fragile Star),0.051168981939554214,False,False,False,False,False,True
LeBron James,2022-23,0.35,0.322,Bulldozer (Fragile Star),Bulldozer (Fragile Star),0.06480211764574051,False,False,False,False,False,True
James Harden,2021-22,0.15,0.266,Sniper (Resilient Role),Victim (Fragile Role),0.00199348502792418,False,False,False,False,False,True
James Harden,2021-22,0.2,0.266,Sniper (Resilient Role),Victim (Fragile Role),0.00341334892436862,False,False,False,False,False,True
James Harden,2021-22,0.25,0.266,Victim (Fragile Role),Victim (Fragile Role),0.014919583685696125,False,False,False,False,False,True
James Harden,2021-22,0.3,0.266,Victim (Fragile Role),Victim (Fragile Role),0.03252134472131729,False,False,False,False,False,True
James Harden,2021-22,0.35,0.266,Victim (Fragile Role),Victim (Fragile Role),0.04226483032107353,False,False,False,False,False,True
Bismack Biyombo,2015-16,0.15,0.114,Victim (Fragile Role),Sniper (Resilient Role),0.0007102411473169923,False,False,False,False,False,True
Bismack Biyombo,2015-16,0.2,0.114,Victim (Fragile Role),Sniper (Resilient Role),0.0035510030575096607,False,False,False,False,False,True
Bismack Biyombo,2015-16,0.25,0.114,Victim (Fragile Role),Sniper (Resilient Role),0.025749342516064644,False,False,False,False,False,True
Bismack Biyombo,2015-16,0.3,0.114,Bulldozer (Fragile Star),Sniper (Resilient Role),0.024359021335840225,False,False,False,False,False,True
Bismack Biyombo,2015-16,0.35,0.114,Victim (Fragile Role),Sniper (Resilient Role),0.03341687470674515,False,False,False,False,False,True
JR Smith,2015-16,0.15,0.177,Victim (Fragile Role),Victim (Fragile Role),0.0014335350133478642,False,False,False,False,False,True
JR Smith,2015-16,0.2,0.177,Victim (Fragile Role),Victim (Fragile Role),0.0034848058130592108,False,False,False,False,False,True
JR Smith,2015-16,0.25,0.177,Victim (Fragile Role),Victim (Fragile Role),0.011041482910513878,False,False,False,False,False,True
JR Smith,2015-16,0.3,0.177,Victim (Fragile Role),Victim (Fragile Role),0.030466245487332344,False,False,False,False,False,True
JR Smith,2015-16,0.35,0.177,Victim (Fragile Role),Victim (Fragile Role),0.03746148571372032,False,False,False,False,False,True
Joe Ingles,2019-20,0.15,0.148,Victim (Fragile Role),Victim (Fragile Role),0.0011874980991706252,False,False,False,False,False,True
Joe Ingles,2019-20,0.2,0.148,Victim (Fragile Role),Victim (Fragile Role),0.004566206596791744,False,False,False,False,False,True
Joe Ingles,2019-20,0.25,0.148,Victim (Fragile Role),Victim (Fragile Role),0.02099187672138214,False,False,False,False,False,True
Joe Ingles,2019-20,0.3,0.148,Victim (Fragile Role),Victim (Fragile Role),0.037595417350530624,False,False,False,False,False,True
Joe Ingles,2019-20,0.35,0.148,Victim (Fragile Role),Victim (Fragile Role),0.04763101786375046,False,False,False,False,False,True
Kevin Love,2017-18,0.15,0.248,Victim (Fragile Role),Victim (Fragile Role),0.0009078257717192173,False,False,False,False,False,True
Kevin Love,2017-18,0.2,0.248,Victim (Fragile Role),Victim (Fragile Role),0.0015565295470878482,False,False,False,False,False,True
Kevin Love,2017-18,0.25,0.248,Victim (Fragile Role),Victim (Fragile Role),0.007065911777317524,False,False,False,False,False,True
Kevin Love,2017-18,0.3,0.248,Victim (Fragile Role),Victim (Fragile Role),0.018889470025897026,False,False,False,False,False,True
Kevin Love,2017-18,0.35,0.248,Victim (Fragile Role),Victim (Fragile Role),0.02652130089700222,False,False,False,False,False,True
Eric Gordon,2017-18,0.15,0.238,Victim (Fragile Role),Victim (Fragile Role),0.0007987222052179277,False,False,False,False,False,True
Eric Gordon,2017-18,0.2,0.238,Victim (Fragile Role),Victim (Fragile Role),0.002256189240142703,False,False,False,False,False,True
Eric Gordon,2017-18,0.25,0.238,Victim (Fragile Role),Victim (Fragile Role),0.02669314667582512,False,False,False,False,False,True
Eric Gordon,2017-18,0.3,0.238,Bulldozer (Fragile Star),Victim (Fragile Role),0.03451165929436684,False,False,False,False,False,True
Eric Gordon,2017-18,0.35,0.238,Bulldozer (Fragile Star),Victim (Fragile Role),0.04704644903540611,False,False,False,False,False,True
JJ Redick,2015-16,0.15,0.22,Victim (Fragile Role),Victim (Fragile Role),0.0009984401986002922,False,False,False,False,False,True
JJ Redick,2015-16,0.2,0.22,Victim (Fragile Role),Victim (Fragile Role),0.0020894871558994055,False,False,False,False,False,True
JJ Redick,2015-16,0.25,0.22,Victim (Fragile Role),Victim (Fragile Role),0.008502197451889515,False,False,False,False,False,True
JJ Redick,2015-16,0.3,0.22,Victim (Fragile Role),Victim (Fragile Role),0.025108033791184425,False,False,False,False,False,True
JJ Redick,2015-16,0.35,0.22,Victim (Fragile Role),Victim (Fragile Role),0.035868581384420395,False,False,False,False,False,True
